symbol,price,sector,type,name,rsi,fvg,fvg_has_volume,vwap_status,golden_cross,sma20_daily,sma50_daily,sma100_daily,timestamp,high_volume,is_signal,high_conviction,upcoming_events,sector_analysis
MU,1061.04,Technology,technical,"Micron Technology, Inc.",27.294084910160592,,False,Bearish (Below),True,1030.4044952392578,962.1209985351562,959.6698236083985,2026-10-06 22:29,False,True,False,[],"{'name': 'Technology', 'etf': 'XLK', 'uptrend': np.True_, 'etf_ret': np.float64(7.8865035124707505), 'spy_ret': np.float64(2.05576541991818), 'outperforming': np.True_}"
ASML,1823.14,Technology,technical,ASML Holding N.V.,29.295641047426884,,False,Bearish (Below),False,1732.0115112304688,1726.9916015625,1733.9711108398437,2026-10-06 22:29,False,True,False,['Earnings on 2026-10-14'],"{'name': 'Technology', 'etf': 'XLK', 'uptrend': np.True_, 'etf_ret': np.float64(7.8865035124707505), 'spy_ret': np.float64(2.05576541991818), 'outperforming': np.True_}"
INTC,114.76,Technology,technical,Intel Corporation,25.760298452206342,,False,Bullish (Above),False,113.16900062561035,101.81400009155273,108.25439987182617,2026-10-06 22:29,False,True,False,[],"{'name': 'Technology', 'etf': 'XLK', 'uptrend': np.True_, 'etf_ret': np.float64(7.8865035124707505), 'spy_ret': np.float64(2.05576541991818), 'outperforming': np.True_}"
LRCX,331.775,Technology,technical,Lam Research Corporation,13.52005396403574,,False,Bearish (Below),False,307.745068359375,307.4076293945312,322.65877838134764,2026-10-06 22:29,False,True,False,[],"{'name': 'Technology', 'etf': 'XLK', 'uptrend': np.True_, 'etf_ret': np.float64(7.886446592165034), 'spy_ret': np.float64(2.0544553486574926), 'outperforming': np.True_}"
KLAC,197.6,Technology,technical,KLA Corporation,26.53468979670022,,False,Bearish (Below),False,185.93150482177734,186.96881469726563,203.92936477661132,2026-10-06 22:29,False,True,False,[],"{'name': 'Technology', 'etf': 'XLK', 'uptrend': np.True_, 'etf_ret': np.float64(7.8865035124707505), 'spy_ret': np.float64(2.05576541991818), 'outperforming': np.True_}"
QCOM,182.225,Technology,technical,QUALCOMM Incorporated,27.292558137485173,,False,Bullish (Above),False,186.301749420166,171.49438507080077,186.1698777770996,2026-10-06 22:29,False,True,False,[],"{'name': 'Technology', 'etf': 'XLK', 'uptrend': np.True_, 'etf_ret': np.float64(7.8865035124707505), 'spy_ret': np.float64(2.05576541991818), 'outperforming': np.True_}"
SNDK,1670.455,Technology,technical,Sandisk Corporation,24.30216343558169,,False,Bearish (Below),False,1708.2839965820312,1552.86439453125,1640.03849609375,2026-10-06 22:29,False,True,False,[],"{'name': 'Technology', 'etf': 'XLK', 'uptrend': np.True_, 'etf_ret': np.float64(7.88112047784434), 'spy_ret': np.float64(2.0544553486574926), 'outperforming': np.True_}"
CRM,224.815,Technology,technical,"Salesforce, Inc.",18.924449915371596,,False,Bearish (Below),True,238.31449203491212,222.13270721435546,195.99415084838867,2026-10-06 22:29,False,True,False,[],"{'name': 'Technology', 'etf': 'XLK', 'uptrend': np.True_, 'etf_ret': np.float64(7.878453354947871), 'spy_ret': np.float64(2.055437902103008), 'outperforming': np.True_}"
ACN,194.13,Technology,technical,Accenture plc,24.90292894591427,,False,Bearish (Below),True,186.47199935913085,181.85519897460938,167.61174339294433,2026-10-06 22:29,False,True,False,[],"{'name': 'Technology', 'etf': 'XLK', 'uptrend': np.True_, 'etf_ret': np.float64(7.878453354947871), 'spy_ret': np.float64(2.0544553486574926), 'outperforming': np.True_}"
TER,429.22,Technology,technical,"Teradyne, Inc.",17.239059977725788,,False,Bearish (Below),False,388.03300323486326,378.6313812255859,379.09664276123044,2026-10-06 22:29,False,True,False,[],"{'name': 'Technology', 'etf': 'XLK', 'uptrend': np.True_, 'etf_ret': np.float64(7.878453354947871), 'spy_ret': np.float64(2.0544553486574926), 'outperforming': np.True_}"
CVE,31.615,Energy,technical,Cenovus Energy Inc.,34.28564002773416,,False,Bullish (Above),True,32.048626232147214,31.284143295288086,29.366560020446776,2026-10-06 22:29,False,True,False,[],"{'name': 'Energy', 'etf': 'XLE', 'uptrend': np.True_, 'etf_ret': np.float64(-0.7956163547298383), 'spy_ret': np.float64(2.055437902103008), 'outperforming': np.False_}"
VOD,16.555,Communication Services,technical,Vodafone Group Public Limited Company,30.188719986180686,,False,Bullish (Above),True,16.885250091552734,16.4142999458313,15.504296321868896,2026-10-06 22:29,False,True,False,[],
